id;gender;region;city;age;degree;major;inistitute
1;best-of-breed Oklaho;calculate;Lake Joshburgh;0;plug-and-play up Bedfordshire;hard Optimization Bedfordshire;parse
2;Licensed compress;Focused architecture gold;Braxtonchester;27;parse visionary visualize;Music Consultant;Paradigm override invoice
3;Solutions Tools Berk;matrix Gorgeous Investor;Meredithchester;26;New;holistic solutions SDR;embrace
4;Avon SCSI;AI;Friesenshire;17;Rand;Practical eyeballs;calculating
5;Optional deposit cap;Beauty Idaho;Lake Eda;17;incubate;Operations;Bike Digitized Unit
6;copy;Buckinghamshire program orchestration;Port Doviehaven;8;Solutions deposit;Identity Center;withdrawal Vista
7;morph contextually-b;Coordinator Handcrafted;West Ronaldo;17;Shoes backing;hacking back-end Administrator;Tactics
8;well-modulated;ADP value-added Home;Lake Liana;14;Honduras deposit firewall;Corporate orange efficient;Personal
9;deliverables Berkshi;Small California;Camden;4;synergies;Cheese;Gorgeous Georgia
10;Movies;neural invoice Soft;San Juan;9;Virtual Center;invoice Turks Planner;copying
